actual_label,model_RF,model_LR
1,0.639816,0.531904
0,0.490993,0.414496
1,0.623815,0.569883
1,0.506616,0.443674
0,0.418302,0.369532